{"stats":{"minecraft:mined":{"farmersdelight:wild_beetroots":10,"farmersdelight:sandy_shrub":7,"minecraft:kelp":3,"minecraft:kelp_plant":23},"minecraft:picked_up":{"minecraft:beetroot":2,"minecraft:kelp":38,"minecraft:beetroot_seeds":11},"minecraft:custom":{"minecraft:jump":40,"minecraft:time_since_rest":2406,"minecraft:damage_dealt":20,"minecraft:leave_game":1,"minecraft:walk_on_water_one_cm":947,"minecraft:sprint_one_cm":7126,"minecraft:play_time":2406,"minecraft:time_since_death":2406,"minecraft:walk_one_cm":4041,"minecraft:walk_under_water_one_cm":247,"minecraft:total_world_time":2406,"minecraft:swim_one_cm":9194,"minecraft:fall_one_cm":1732,"minecraft:fly_one_cm":10415}},"DataVersion":3465}