{"stats":{"minecraft:broken":{"minecraft:stone_axe":1,"minecraft:wooden_pickaxe":1},"minecraft:mined":{"minecraft:brown_mushroom":1,"minecraft:kelp_plant":23,"minecraft:crafting_table":2,"minecraft:torch":1,"minecraft:grass_block":2,"minecraft:rose_bush":65,"minecraft:tall_grass":5,"minecraft:copper_ore":4,"minecraft:kelp":3,"minecraft:red_mushroom":3,"farmersdelight:wild_beetroots":10,"farmersdelight:sandy_shrub":7,"minecraft:furnace":3,"minecraft:birch_log":7,"minecraft:iron_ore":10,"minecraft:grass":19,"minecraft:coal_ore":6,"minecraft:oak_log":112,"minecraft:dirt":3,"minecraft:stone":80,"minecraft:oak_leaves":13,"minecraft:fern":2},"minecraft:killed":{"minecraft:pig":7,"minecraft:skeleton":1,"minecraft:sheep":1,"minecraft:zombie":8,"minecraft:chicken":1,"minecraft:cow":3},"minecraft:picked_up":{"minecraft:birch_log":7,"minecraft:crafting_table":2,"minecraft:feather":1,"minecraft:chicken":1,"minecraft:leather":2,"minecraft:brown_mushroom":1,"minecraft:red_mushroom":3,"minecraft:oak_log":112,"minecraft:dirt":5,"minecraft:raw_copper":15,"minecraft:bone":2,"minecraft:beetroot":2,"minecraft:kelp":99,"minecraft:wheat_seeds":2,"minecraft:beef":7,"minecraft:rose_bush":64,"minecraft:birch_sapling":3,"minecraft:oak_planks":21,"minecraft:furnace":3,"minecraft:egg":1,"minecraft:stick":4,"minecraft:raw_iron":10,"minecraft:torch":1,"minecraft:porkchop":16,"tombstone:grave_dust":2,"minecraft:arrow":2,"minecraft:rotten_flesh":8,"minecraft:beetroot_seeds":11,"minecraft:oak_sapling":7,"minecraft:coal":6,"minecraft:mutton":2,"minecraft:white_wool":1,"minecraft:cobblestone":80},"minecraft:used":{"minecraft:stone_sword":43,"minecraft:stone_pickaxe":44,"minecraft:shield":4,"minecraft:wooden_pickaxe":89,"minecraft:torch":1,"minecraft:crafting_table":2,"minecraft:oak_log":5,"minecraft:birch_sapling":3,"minecraft:stone_axe":208,"minecraft:cobblestone":1,"minecraft:oak_sapling":7,"minecraft:furnace":3,"minecraft:egg":1,"minecraft:cooked_beef":2},"minecraft:dropped":{"minecraft:wheat_seeds":2,"minecraft:feather":1,"minecraft:rotten_flesh":8},"minecraft:custom":{"minecraft:interact_with_furnace":33,"minecraft:mob_kills":22,"minecraft:interact_with_crafting_table":8,"minecraft:leave_game":1,"minecraft:time_since_death":29250,"minecraft:climb_one_cm":488,"minecraft:time_since_rest":29250,"minecraft:sprint_one_cm":54228,"minecraft:damage_taken":178,"minecraft:walk_one_cm":96711,"minecraft:damage_blocked_by_shield":80,"minecraft:drop":11,"minecraft:damage_dealt":3009,"minecraft:swim_one_cm":15498,"minecraft:fly_one_cm":36421,"minecraft:crouch_one_cm":2084,"minecraft:play_time":29250,"tombstone:undead_killed":9,"minecraft:sneak_time":987,"minecraft:walk_under_water_one_cm":2403,"minecraft:jump":348,"minecraft:walk_on_water_one_cm":2240,"minecraft:total_world_time":29250,"minecraft:fall_one_cm":5332},"minecraft:crafted":{"minecraft:cooked_beef":7,"minecraft:oak_planks":100,"minecraft:cooked_porkchop":16,"minecraft:crafting_table":1,"minecraft:iron_helmet":1,"minecraft:wooden_pickaxe":1,"minecraft:cooked_chicken":1,"minecraft:furnace":3,"minecraft:copper_ingot":15,"minecraft:birch_planks":28,"minecraft:stone_axe":3,"minecraft:cooked_mutton":2,"minecraft:air":0,"minecraft:charcoal":18,"minecraft:iron_boots":1,"minecraft:shield":1,"minecraft:stick":12,"minecraft:iron_ingot":10,"minecraft:stone_pickaxe":1,"minecraft:stone_sword":1,"minecraft:torch":20}},"DataVersion":3465}