{"stats":{"minecraft:mined":{"farmersdelight:wild_beetroots":10,"minecraft:grass_block":2,"minecraft:oak_log":7,"farmersdelight:sandy_shrub":7,"minecraft:dirt":3,"minecraft:kelp_plant":23,"minecraft:stone":10,"minecraft:kelp":3,"minecraft:oak_leaves":1},"minecraft:picked_up":{"minecraft:beetroot":2,"minecraft:kelp":99,"minecraft:beetroot_seeds":11,"minecraft:oak_log":7,"minecraft:oak_sapling":1,"minecraft:dirt":5,"minecraft:cobblestone":8},"minecraft:used":{"minecraft:crafting_table":1,"minecraft:oak_sapling":1,"minecraft:wooden_pickaxe":10},"minecraft:custom":{"minecraft:time_since_rest":5250,"minecraft:crouch_one_cm":358,"minecraft:sprint_one_cm":8745,"minecraft:play_time":5250,"minecraft:walk_one_cm":6092,"minecraft:sneak_time":217,"minecraft:walk_under_water_one_cm":2403,"minecraft:jump":63,"minecraft:damage_dealt":20,"minecraft:leave_game":1,"minecraft:walk_on_water_one_cm":2240,"minecraft:time_since_death":5250,"minecraft:total_world_time":5250,"minecraft:swim_one_cm":15498,"minecraft:interact_with_crafting_table":1,"minecraft:fall_one_cm":1732,"minecraft:fly_one_cm":13148},"minecraft:crafted":{"minecraft:oak_planks":28,"minecraft:crafting_table":1,"minecraft:stick":4,"minecraft:wooden_pickaxe":1}},"DataVersion":3465}