{"stats":{"minecraft:broken":{"minecraft:stone_axe":1,"minecraft:wooden_pickaxe":1},"minecraft:mined":{"minecraft:white_bed":8,"minecraft:brown_mushroom":1,"minecraft:kelp_plant":23,"minecraft:brewing_stand":1,"minecraft:torch":1,"minecraft:crafting_table":2,"minecraft:grass_block":3,"minecraft:chest":6,"minecraft:rose_bush":65,"minecraft:copper_ore":4,"minecraft:tall_grass":6,"minecraft:kelp":5,"minecraft:oak_planks":15,"minecraft:sugar_cane":3,"minecraft:composter":1,"minecraft:red_mushroom":3,"minecraft:wall_torch":1,"minecraft:hay_block":17,"farmersdelight:wild_beetroots":10,"farmersdelight:sandy_shrub":7,"minecraft:furnace":3,"minecraft:carrots":1,"minecraft:birch_log":7,"minecraft:iron_ore":10,"minecraft:yellow_bed":5,"minecraft:bell":1,"minecraft:grass":20,"minecraft:coal_ore":6,"minecraft:oak_log":123,"minecraft:water_cauldron":8,"minecraft:dirt":3,"minecraft:stone":80,"minecraft:oak_leaves":19,"minecraft:fern":2},"minecraft:killed":{"minecraft:pig":7,"minecraft:iron_golem":1,"minecraft:skeleton":1,"minecraft:sheep":1,"minecraft:zombie":8,"minecraft:chicken":1,"minecraft:cow":3},"minecraft:picked_up":{"minecraft:birch_log":7,"minecraft:crafting_table":2,"minecraft:leather_chestplate":3,"minecraft:feather":7,"minecraft:chicken":1,"minecraft:suspicious_stew":1,"minecraft:leather_leggings":1,"minecraft:leather":2,"minecraft:brown_mushroom":1,"minecraft:red_mushroom":3,"minecraft:potato":8,"minecraft:map":1,"minecraft:oak_log":123,"minecraft:brewing_stand":1,"minecraft:yellow_bed":5,"minecraft:lapis_lazuli":9,"minecraft:dirt":6,"minecraft:paper":12,"minecraft:raw_copper":15,"minecraft:bone":2,"minecraft:beetroot":2,"minecraft:apple":9,"minecraft:kelp":101,"minecraft:wheat_seeds":6,"minecraft:gold_nugget":9,"minecraft:bell":1,"minecraft:iron_ingot":14,"minecraft:beef":7,"minecraft:rose_bush":64,"minecraft:iron_nugget":9,"minecraft:poppy":1,"minecraft:sugar_cane":7,"minecraft:chest":6,"minecraft:birch_sapling":3,"minecraft:oak_planks":36,"farmersdelight:cabbage_seeds":3,"minecraft:furnace":3,"minecraft:egg":1,"minecraft:stick":4,"minecraft:raw_iron":10,"minecraft:composter":1,"minecraft:torch":2,"minecraft:porkchop":16,"tombstone:grave_dust":2,"minecraft:white_bed":8,"minecraft:carrot":12,"minecraft:cauldron":8,"minecraft:arrow":2,"minecraft:rotten_flesh":8,"minecraft:beetroot_seeds":11,"farmersdelight:onion":9,"minecraft:hay_block":17,"farmersdelight:rope":6,"minecraft:saddle":1,"minecraft:emerald":2,"minecraft:bread":6,"minecraft:oak_sapling":7,"minecraft:mutton":2,"minecraft:coal":6,"minecraft:white_wool":1,"minecraft:cobblestone":80},"minecraft:used":{"minecraft:stone_sword":43,"minecraft:stone_pickaxe":55,"minecraft:poppy":1,"minecraft:oak_planks":314,"minecraft:chest":7,"minecraft:wooden_pickaxe":89,"minecraft:shield":4,"minecraft:cauldron":1,"minecraft:sugar_cane":7,"minecraft:composter":1,"minecraft:bell":1,"minecraft:cooked_chicken":1,"minecraft:torch":1,"minecraft:dirt":1,"minecraft:crafting_table":3,"minecraft:carrot":1,"minecraft:white_bed":8,"minecraft:oak_log":5,"minecraft:bread":5,"minecraft:birch_sapling":3,"minecraft:map":1,"minecraft:stone_axe":258,"minecraft:cobblestone":1,"minecraft:oak_sapling":7,"minecraft:furnace":6,"minecraft:egg":1,"minecraft:yellow_bed":5,"minecraft:cooked_beef":2},"minecraft:dropped":{"minecraft:wheat_seeds":6,"minecraft:feather":1,"minecraft:rotten_flesh":8},"minecraft:custom":{"minecraft:interact_with_furnace":36,"minecraft:mob_kills":23,"minecraft:interact_with_crafting_table":15,"minecraft:bell_ring":34,"minecraft:leave_game":3,"minecraft:time_since_death":56177,"minecraft:climb_one_cm":488,"minecraft:sleep_in_bed":1,"minecraft:time_since_rest":12090,"minecraft:sprint_one_cm":129474,"minecraft:damage_taken":238,"minecraft:walk_one_cm":194800,"minecraft:damage_blocked_by_shield":80,"minecraft:drop":14,"minecraft:damage_dealt":3677,"minecraft:swim_one_cm":39077,"minecraft:talked_to_villager":6,"minecraft:fly_one_cm":112153,"minecraft:open_chest":28,"minecraft:crouch_one_cm":4927,"minecraft:play_time":56177,"tombstone:undead_killed":9,"minecraft:sneak_time":2053,"minecraft:walk_under_water_one_cm":7993,"minecraft:jump":720,"minecraft:walk_on_water_one_cm":4750,"minecraft:total_world_time":56177,"minecraft:fall_one_cm":16018},"minecraft:crafted":{"minecraft:cooked_beef":7,"minecraft:oak_planks":400,"minecraft:cooked_porkchop":16,"minecraft:crafting_table":1,"minecraft:iron_helmet":1,"minecraft:wooden_pickaxe":1,"minecraft:cooked_chicken":1,"minecraft:iron_sword":1,"minecraft:furnace":3,"minecraft:copper_ingot":15,"minecraft:birch_planks":28,"minecraft:stone_axe":4,"minecraft:bread":51,"minecraft:cooked_mutton":2,"minecraft:air":0,"minecraft:iron_boots":1,"minecraft:charcoal":18,"minecraft:shield":1,"minecraft:stick":20,"minecraft:iron_ingot":11,"minecraft:iron_pickaxe":2,"minecraft:stone_pickaxe":1,"minecraft:stone_sword":1,"minecraft:chest":7,"minecraft:iron_leggings":1,"minecraft:torch":20,"minecraft:wheat":153}},"DataVersion":3465}