{"stats":{"minecraft:broken":{"minecraft:stone_axe":1,"minecraft:wooden_pickaxe":1},"minecraft:mined":{"farmersdelight:wild_beetroots":10,"farmersdelight:sandy_shrub":7,"minecraft:kelp_plant":23,"minecraft:iron_ore":10,"minecraft:crafting_table":1,"minecraft:grass":18,"minecraft:grass_block":2,"minecraft:oak_log":94,"minecraft:rose_bush":64,"minecraft:dirt":3,"minecraft:copper_ore":4,"minecraft:tall_grass":5,"minecraft:stone":79,"minecraft:red_mushroom":3,"minecraft:kelp":3,"minecraft:oak_leaves":11,"minecraft:fern":2},"minecraft:killed":{"minecraft:sheep":1,"minecraft:pig":7,"minecraft:chicken":1,"minecraft:cow":1},"minecraft:picked_up":{"minecraft:raw_iron":10,"minecraft:stick":2,"minecraft:crafting_table":1,"minecraft:feather":1,"minecraft:chicken":1,"minecraft:leather":1,"minecraft:red_mushroom":3,"minecraft:porkchop":16,"minecraft:oak_log":94,"minecraft:dirt":5,"minecraft:raw_copper":15,"minecraft:beetroot":2,"minecraft:kelp":99,"minecraft:beetroot_seeds":11,"minecraft:wheat_seeds":2,"minecraft:beef":2,"minecraft:rose_bush":63,"minecraft:oak_sapling":3,"minecraft:mutton":2,"minecraft:white_wool":1,"minecraft:cobblestone":79,"minecraft:egg":1},"minecraft:used":{"minecraft:oak_log":5,"minecraft:stone_sword":1,"minecraft:stone_pickaxe":34,"minecraft:wooden_pickaxe":89,"minecraft:stone_axe":175,"minecraft:cobblestone":1,"minecraft:crafting_table":1,"minecraft:oak_sapling":3},"minecraft:dropped":{"minecraft:wheat_seeds":2},"minecraft:custom":{"minecraft:time_since_rest":17250,"minecraft:damage_taken":40,"minecraft:sprint_one_cm":44095,"minecraft:walk_one_cm":54549,"minecraft:mob_kills":10,"minecraft:drop":2,"minecraft:damage_dealt":1007,"minecraft:interact_with_crafting_table":2,"minecraft:swim_one_cm":15498,"minecraft:fly_one_cm":30565,"minecraft:crouch_one_cm":1171,"minecraft:play_time":17250,"minecraft:sneak_time":695,"minecraft:walk_under_water_one_cm":2403,"minecraft:jump":264,"minecraft:leave_game":1,"minecraft:time_since_death":17250,"minecraft:walk_on_water_one_cm":2240,"minecraft:climb_one_cm":214,"minecraft:total_world_time":17250,"minecraft:fall_one_cm":4376},"minecraft:crafted":{"minecraft:oak_planks":28,"minecraft:crafting_table":1,"minecraft:stick":12,"minecraft:wooden_pickaxe":1,"minecraft:stone_pickaxe":1,"minecraft:stone_sword":1,"minecraft:furnace":1,"minecraft:stone_axe":1}},"DataVersion":3465}