{"stats":{"minecraft:broken":{"minecraft:stone_axe":1,"minecraft:wooden_pickaxe":1},"minecraft:mined":{"minecraft:white_bed":8,"minecraft:brown_mushroom":1,"minecraft:kelp_plant":23,"minecraft:brewing_stand":1,"minecraft:crafting_table":2,"minecraft:torch":1,"minecraft:grass_block":3,"minecraft:chest":3,"minecraft:rose_bush":65,"minecraft:tall_grass":6,"minecraft:copper_ore":4,"minecraft:oak_planks":2,"minecraft:sugar_cane":3,"minecraft:composter":1,"minecraft:kelp":5,"minecraft:red_mushroom":3,"minecraft:wall_torch":1,"farmersdelight:wild_beetroots":10,"farmersdelight:sandy_shrub":7,"minecraft:furnace":3,"minecraft:birch_log":7,"minecraft:iron_ore":10,"minecraft:yellow_bed":5,"minecraft:grass":20,"minecraft:coal_ore":6,"minecraft:oak_log":119,"minecraft:water_cauldron":8,"minecraft:dirt":3,"minecraft:stone":80,"minecraft:oak_leaves":19,"minecraft:fern":2},"minecraft:killed":{"minecraft:pig":7,"minecraft:skeleton":1,"minecraft:sheep":1,"minecraft:zombie":8,"minecraft:chicken":1,"minecraft:cow":3},"minecraft:picked_up":{"minecraft:birch_log":7,"minecraft:crafting_table":2,"minecraft:leather_chestplate":3,"minecraft:feather":2,"minecraft:chicken":1,"minecraft:leather_leggings":1,"minecraft:leather":2,"minecraft:brown_mushroom":1,"minecraft:red_mushroom":3,"minecraft:potato":8,"minecraft:oak_log":119,"minecraft:brewing_stand":1,"minecraft:yellow_bed":5,"minecraft:dirt":6,"minecraft:raw_copper":15,"minecraft:bone":2,"minecraft:apple":9,"minecraft:beetroot":2,"minecraft:kelp":101,"minecraft:wheat_seeds":6,"minecraft:beef":7,"minecraft:rose_bush":64,"minecraft:sugar_cane":7,"minecraft:chest":3,"minecraft:birch_sapling":3,"minecraft:oak_planks":23,"minecraft:furnace":3,"minecraft:egg":1,"minecraft:stick":4,"minecraft:raw_iron":10,"minecraft:composter":1,"minecraft:torch":2,"minecraft:porkchop":16,"tombstone:grave_dust":2,"minecraft:white_bed":8,"minecraft:cauldron":8,"minecraft:arrow":2,"minecraft:rotten_flesh":8,"minecraft:beetroot_seeds":11,"farmersdelight:onion":6,"minecraft:saddle":1,"minecraft:bread":6,"minecraft:oak_sapling":7,"minecraft:coal":6,"minecraft:mutton":2,"minecraft:white_wool":1,"minecraft:cobblestone":80},"minecraft:used":{"minecraft:stone_sword":43,"minecraft:stone_pickaxe":54,"minecraft:oak_planks":277,"minecraft:chest":7,"minecraft:shield":4,"minecraft:wooden_pickaxe":89,"minecraft:composter":1,"minecraft:cauldron":1,"minecraft:sugar_cane":7,"minecraft:cooked_chicken":1,"minecraft:torch":1,"minecraft:dirt":1,"minecraft:crafting_table":3,"minecraft:white_bed":7,"minecraft:oak_log":5,"minecraft:bread":2,"minecraft:birch_sapling":3,"minecraft:stone_axe":225,"minecraft:cobblestone":1,"minecraft:oak_sapling":7,"minecraft:furnace":6,"minecraft:yellow_bed":5,"minecraft:egg":1,"minecraft:cooked_beef":2},"minecraft:dropped":{"minecraft:wheat_seeds":6,"minecraft:feather":1,"minecraft:rotten_flesh":8},"minecraft:custom":{"minecraft:interact_with_furnace":33,"minecraft:mob_kills":22,"minecraft:interact_with_crafting_table":9,"minecraft:leave_game":1,"minecraft:time_since_death":41250,"minecraft:climb_one_cm":488,"minecraft:time_since_rest":41250,"minecraft:sprint_one_cm":100981,"minecraft:damage_taken":218,"minecraft:walk_one_cm":149715,"minecraft:damage_blocked_by_shield":80,"minecraft:drop":14,"minecraft:damage_dealt":3009,"minecraft:talked_to_villager":3,"minecraft:swim_one_cm":15498,"minecraft:fly_one_cm":88988,"minecraft:open_chest":4,"minecraft:crouch_one_cm":3031,"minecraft:play_time":41250,"tombstone:undead_killed":9,"minecraft:sneak_time":1347,"minecraft:walk_under_water_one_cm":2403,"minecraft:jump":572,"minecraft:walk_on_water_one_cm":2423,"minecraft:total_world_time":41250,"minecraft:fall_one_cm":12388},"minecraft:crafted":{"minecraft:cooked_beef":7,"minecraft:oak_planks":376,"minecraft:cooked_porkchop":16,"minecraft:crafting_table":1,"minecraft:iron_helmet":1,"minecraft:wooden_pickaxe":1,"minecraft:cooked_chicken":1,"minecraft:furnace":3,"minecraft:copper_ingot":15,"minecraft:birch_planks":28,"minecraft:stone_axe":3,"minecraft:cooked_mutton":2,"minecraft:air":0,"minecraft:charcoal":18,"minecraft:iron_boots":1,"minecraft:shield":1,"minecraft:stick":12,"minecraft:iron_ingot":10,"minecraft:stone_pickaxe":1,"minecraft:stone_sword":1,"minecraft:chest":7,"minecraft:torch":20}},"DataVersion":3465}